Title,URL,Negative,Neutral,Positive,Compound,Sentiment Category
"Bharat Mata - Haram, Vande Mataram - Haram, Statues - Haram, Idols - Haram, Worshipping Pirs and licking Chappals - Alhamdulillah Mashallah Subhanallah",https://v.redd.it/lmxj3rbg7esd1,0.0,0.867,0.133,0.3818,Positive
"Meet an extremely poor villager from Jharkhand, eyes filled with tears, sharing the heart rending reality that his entire basti was denied water from well by a local Muslim minister for being Hindus. From this video, youâ€™ll get to know what is the result of taking ongoing demographic changes lightly",https://v.redd.it/ssus7thkgizd1,0.144,0.771,0.086,-0.5095,Negative
The slow train wreck unfolding in front of our eyes in Bangladesh. ,https://i.redd.it/pk9frguauf3e1.jpeg,0.209,0.791,0.0,-0.4404,Negative
"[26 Nov 2024, 10:21 PM] Right now, Islamic mob in Chittagong, going towards Hindu settalments & chanting slogan: ""Ekta Ekta ISKCON-nite (Hindu) dhor, dhoira dhoira Jobai kor"", which means ""one by one catch ISKCON-nite/Hindus & after catching them, slaughter them.""",https://v.redd.it/lbk2carp3g3e1,0.0,1.0,0.0,0.0,Neutral
Over a 100 dead as Pakistani army launches midnight massacre on unarmed civilians protesting against military dictatorship and post got removed by pakistani mods,https://v.redd.it/x86cwdbbue3e1,0.253,0.747,0.0,-0.7964,Negative
When social media stunts cross the line: Chaos erupts in Panipat as a young man faces the crowd's fury for filming inappropriate content in public. ,https://v.redd.it/uh2wcqgzae3e1,0.252,0.748,0.0,-0.8126,Negative
Good to see the police taking action against these people. ,https://i.redd.it/69bujrozk83e1.jpeg,0.0,0.756,0.244,0.4404,Positive
Title is included ,https://i.redd.it/jl6zuwvpbc3e1.jpeg,0.0,1.0,0.0,0.0,Neutral
"Big statement from SP vaid, former DGP J&K. That country has forgotten its place.",https://i.redd.it/6rc4jevy8f3e1.jpeg,0.128,0.872,0.0,-0.2263,Negative
"ðŸ“Œ IMPORTANT! Rajiv Gandhi was seen expressing his disbelief over ""ballot paper voting"" after the BJP won a good number of seats â€“ Meanwhile, Congress President Kharge says, They will protest against EVM. | Family wahi .. Bahana change hua nahi.",https://v.redd.it/ujlhvorlff3e1,0.045,0.715,0.24,0.8283,Positive
